{"cameraMode":{"drawMode":0,"name":"Shaded","section":"Shading Mode"},"sceneLighting":false,"audioPlay":false,"sceneViewState":{"m_AlwaysRefresh":false,"showFog":true,"showSkybox":false,"showFlares":true,"showImageEffects":true,"showParticleSystems":true,"showVisualEffectGraphs":true,"m_FxEnabled":true},"in2DMode":false,"pivot":{"x":-0.5000000596046448,"y":-0.21471884846687318,"z":0.35355252027511599},"rotation":{"x":-0.18834134936332704,"y":-0.10203995555639267,"z":0.019667431712150575,"w":-0.9766166806221008},"size":0.8660253882408142,"orthographic":false}