{"cameraMode":{"drawMode":0,"name":"Shaded","section":"Shading Mode"},"sceneLighting":false,"audioPlay":false,"sceneViewState":{"m_AlwaysRefresh":false,"showFog":true,"showSkybox":false,"showFlares":true,"showImageEffects":true,"showParticleSystems":true,"showVisualEffectGraphs":true,"m_FxEnabled":true},"in2DMode":false,"pivot":{"x":0.5207430720329285,"y":0.2510979473590851,"z":0.9103882312774658},"rotation":{"x":-0.18834134936332704,"y":-0.10203995555639267,"z":0.019667431712150575,"w":-0.9766166806221008},"size":1.8366163969039918,"orthographic":false}